[
  {
    "name": "Github",
    "icon": "/images/icon/github.png",
    "tip": "去 Github 看看",
    "url": "https://github.com/DongGUAPeng0145"
  },
  {
    "name": "BiliBili",
    "icon": "/images/icon/bilibili.png",
    "tip": "(゜-゜)つロ 干杯 ~",
    "url": "https://space.bilibili.com/2120690961"
  },
  {
    "name": "QQ",
    "icon": "/images/icon/qq.png",
    "tip": "有什么事吗",
    "url": "https://res.abeim.cn/api/qq/?qq=1539250352"
  },
  {
    "name": "Email",
    "icon": "/images/icon/email.png",
    "tip": "来封 Email ~",
    "url": "ldgp0899@gmail.com"
  },
  {
    "name": "Twitter",
    "icon": "/images/icon/twitter.png",
    "tip": "你懂的 ~",
    "url": "https://twitter.com/peng"
  },
  {
    "name": "Telegram",
    "icon": "/images/icon/telegram.png",
    "tip": "你懂的 ~",
    "url": "https://www.bilibili.com/video/BV1GJ411x7h7"
  }
]
